id,name,email,gender,phone
1,Bond Spreadbury,bspreadbury0@de.vu,Male,967-232-8817
2,Noni Laird-Craig,nlairdcraig1@imdb.com,Female,376-815-1092
3,Brewer Berkelay,bberkelay2@smugmug.com,Male,362-556-3335
4,Humfried Brumfield,hbrumfield3@java.com,Male,321-149-1231
5,Raoul Bampton,rbampton4@theguardian.com,Male,504-526-6348
6,Ignatius Gherardi,igherardi5@merriam-webster.com,Male,393-252-0357
7,Prescott Beeson,pbeeson6@fema.gov,Male,811-227-7904
8,Adele Ragge,aragge7@dailymotion.com,Female,862-651-0642
9,Marney Gerasch,mgerasch8@theglobeandmail.com,Female,451-333-1725
10,Zarla Nuton,znuton9@printfriendly.com,Female,342-305-9851
